scheduler,task_id,priority,duration,deps,is_critical,ready_sec,start_sec,end_sec,exec_sec,wait_sec
sequential,c01,1,1.5,,1,0.0,0.0,1.570566177368164,1.570566177368164,0.0
sequential,c02,1,1.7,c01,1,1.570566177368164,1.5708091259002686,3.340197801589966,1.7693886756896973,0.0002429485321044922
sequential,c03,1,1.4,c02,1,3.340197801589966,3.340338945388794,4.798440933227539,1.4581019878387451,0.000141143798828125
sequential,c04,1,1.8,c03,1,4.798440933227539,4.798582077026367,6.645047903060913,1.846465826034546,0.000141143798828125
sequential,c05,1,1.6,c04,1,6.645047903060913,6.645200967788696,8.298702955245972,1.6535019874572754,0.00015306472778320312
sequential,c06,1,1.7,c05,1,8.298702955245972,8.299152851104736,10.099568128585815,1.800415277481079,0.00044989585876464844
sequential,c07,1,1.5,c06,1,10.099568128585815,10.099735021591187,11.665250062942505,1.5655150413513184,0.00016689300537109375
sequential,c08,1,1.8,c07,1,11.665250062942505,11.665454149246216,13.530157089233398,1.8647029399871826,0.0002040863037109375
sequential,s01,10,1.8,,0,0.0,13.530272006988525,15.396574974060059,1.8663029670715332,13.530272006988525
sequential,s02,10,2.0,,0,0.0,15.39671802520752,17.47490406036377,2.07818603515625,15.39671802520752
sequential,s03,9,1.6,,0,0.0,17.475037813186646,19.109323024749756,1.6342852115631104,17.475037813186646
sequential,s04,9,2.2,,0,0.0,19.10950803756714,21.528328895568848,2.418820858001709,19.10950803756714
sequential,s05,10,1.7,,0,0.0,21.528512954711914,23.312560081481934,1.7840471267700195,21.528512954711914
sequential,s06,9,2.1,,0,0.0,23.31274390220642,25.500362873077393,2.1876189708709717,23.31274390220642
sequential,s07,10,1.5,,0,0.0,25.50051188468933,27.0589120388031,1.5584001541137695,25.50051188468933
sequential,s08,9,2.0,,0,0.0,27.059078216552734,29.141109943389893,2.082031726837158,27.059078216552734
sequential,s09,10,1.8,,0,0.0,29.14125895500183,31.017579078674316,1.8763201236724854,29.14125895500183
sequential,s10,9,2.3,,0,0.0,31.01772379875183,33.40980291366577,2.3920791149139404,31.01772379875183
sequential,f01,5,1.2,c08 s09 s10,1,33.40980291366577,33.41000199317932,34.680153131484985,1.270151138305664,0.0001990795135498047
sequential,f02,5,0.8,f01,1,34.680153131484985,34.6803240776062,35.54170894622803,0.8613848686218262,0.0001709461212158203
parallel,c01,1,1.5,,1,0.0,0.0,1.5443072319030762,1.5443072319030762,0.0
parallel,s01,10,1.8,,0,0.0,0.002397298812866211,1.8682312965393066,1.8658339977264404,0.002397298812866211
parallel,s02,10,2.0,,0,0.0,0.002747058868408203,2.086879014968872,2.084131956100464,0.002747058868408203
parallel,c02,1,1.7,c01,1,1.5443072319030762,1.5448682308197021,3.342932939529419,1.7980647087097168,0.0005609989166259766
parallel,s03,9,1.6,,0,0.0,1.868739128112793,3.6693010330200195,1.8005619049072266,1.868739128112793
parallel,s04,9,2.2,,0,0.0,2.0874171257019043,4.451894044876099,2.3644769191741943,2.0874171257019043
parallel,c03,1,1.4,c02,1,3.342932939529419,3.3434760570526123,4.8473851680755615,1.5039091110229492,0.0005431175231933594
parallel,s05,10,1.7,,0,0.0,3.6698660850524902,5.767629146575928,2.0977630615234375,3.6698660850524902
parallel,s06,9,2.1,,0,0.0,4.452294111251831,6.6028101444244385,2.1505160331726074,4.452294111251831
parallel,c04,1,1.8,c03,1,4.8473851680755615,4.847681045532227,6.690932989120483,1.8432519435882568,0.00029587745666503906
parallel,s07,10,1.5,,0,0.0,5.768050193786621,7.3222620487213135,1.5542118549346924,5.768050193786621
parallel,s08,9,2.0,,0,0.0,6.603215217590332,8.692077159881592,2.0888619422912598,6.603215217590332
parallel,c05,1,1.6,c04,1,6.690932989120483,6.691322088241577,8.373470306396484,1.6821482181549072,0.00038909912109375
parallel,s09,10,1.8,,0,0.0,7.322804927825928,9.306477069854736,1.9836721420288086,7.322804927825928
parallel,c06,1,1.7,c05,1,8.373470306396484,8.375636100769043,10.165297269821167,1.789661169052124,0.0021657943725585938
parallel,s10,9,2.3,,0,0.0,8.692595958709717,11.103087186813354,2.4104912281036377,8.692595958709717
parallel,c07,1,1.5,c06,1,10.165297269821167,10.165630340576172,11.753156185150146,1.5875258445739746,0.0003330707550048828
parallel,c08,1,1.8,c07,1,11.753156185150146,11.753359079360962,13.624032020568848,1.8706729412078857,0.0002028942108154297
parallel,f01,5,1.2,c08 s09 s10,1,13.624032020568848,13.6246919631958,14.910407304763794,1.2857153415679932,0.000659942626953125
parallel,f02,5,0.8,f01,1,14.910407304763794,14.910818099975586,15.76871395111084,0.8578958511352539,0.0004107952117919922
dag_priority,s01,10,1.8,,0,0.0,0.0,1.878424882888794,1.878424882888794,0.0
dag_priority,s02,10,2.0,,0,0.0,0.00015091896057128906,2.051163911819458,2.0510129928588867,0.00015091896057128906
dag_priority,s05,10,1.7,,0,0.0,0.0003688335418701172,1.7797329425811768,1.7793641090393066,0.0003688335418701172
dag_priority,s07,10,1.5,,0,0.0,1.7800498008728027,3.3152098655700684,1.5351600646972656,1.7800498008728027
dag_priority,s09,10,1.8,,0,0.0,1.8786628246307373,3.7586398124694824,1.8799769878387451,1.8786628246307373
dag_priority,s03,9,1.6,,0,0.0,2.0514309406280518,3.707460880279541,1.6560299396514893,2.0514309406280518
dag_priority,s04,9,2.2,,0,0.0,3.31557297706604,5.57016396522522,2.2545909881591797,3.31557297706604
dag_priority,s06,9,2.1,,0,0.0,3.7078769207000732,5.848286867141724,2.1404099464416504,3.7078769207000732
dag_priority,s08,9,2.0,,0,0.0,3.758927822113037,5.799055814743042,2.040127992630005,3.758927822113037
dag_priority,s10,9,2.3,,0,0.0,5.570539951324463,7.913774728775024,2.3432347774505615,5.570539951324463
dag_priority,c01,1,1.5,,1,0.0,5.799331903457642,7.363854885101318,1.5645229816436768,5.799331903457642
dag_priority,c02,1,1.7,c01,1,7.363854885101318,7.364022970199585,9.132721900939941,1.7686989307403564,0.00016808509826660156
dag_priority,c03,1,1.4,c02,1,9.132721900939941,9.13293194770813,10.591672897338867,1.4587409496307373,0.00021004676818847656
dag_priority,c04,1,1.8,c03,1,10.591672897338867,10.592077016830444,12.455728769302368,1.8636517524719238,0.00040411949157714844
dag_priority,c05,1,1.6,c04,1,12.455728769302368,12.456079959869385,14.135356903076172,1.679276943206787,0.00035119056701660156
dag_priority,c06,1,1.7,c05,1,14.135356903076172,14.135695934295654,15.865569114685059,1.7298731803894043,0.0003390312194824219
dag_priority,c07,1,1.5,c06,1,15.865569114685059,15.86581301689148,17.433377981185913,1.5675649642944336,0.00024390220642089844
dag_priority,c08,1,1.8,c07,1,17.433377981185913,17.43371295928955,19.304659843444824,1.8709468841552734,0.0003349781036376953
dag_priority,f01,5,1.2,c08 s09 s10,1,19.304659843444824,19.304943799972534,20.57108497619629,1.2661411762237549,0.00028395652770996094
dag_priority,f02,5,0.8,f01,1,20.57108497619629,20.571413040161133,21.42581295967102,0.8543999195098877,0.00032806396484375
dag_critical,c01,1,1.5,,1,0.0,0.0,1.5683941841125488,1.5683941841125488,0.0
dag_critical,s10,9,2.3,,0,0.0,0.0018291473388671875,2.338732957839966,2.3369038105010986,0.0018291473388671875
dag_critical,s09,10,1.8,,0,0.0,0.002032041549682617,1.8439500331878662,1.8419179916381836,0.002032041549682617
dag_critical,c02,1,1.7,c01,1,1.5683941841125488,1.5687599182128906,3.3358891010284424,1.7671291828155518,0.0003657341003417969
dag_critical,s04,9,2.2,,0,0.0,1.8441619873046875,4.07050895690918,2.226346969604492,1.8441619873046875
dag_critical,s06,9,2.1,,0,0.0,2.3390610218048096,4.510484218597412,2.1714231967926025,2.3390610218048096
dag_critical,c03,1,1.4,c02,1,3.3358891010284424,3.3362021446228027,4.79619026184082,1.4599881172180176,0.00031304359436035156
dag_critical,s02,10,2.0,,0,0.0,4.070783853530884,6.132150888442993,2.0613670349121094,4.070783853530884
dag_critical,s08,9,2.0,,0,0.0,4.510818958282471,6.574938058853149,2.0641191005706787,4.510818958282471
dag_critical,c04,1,1.8,c03,1,4.79619026184082,4.796520233154297,6.638651132583618,1.8421308994293213,0.0003299713134765625
dag_critical,s01,10,1.8,,0,0.0,6.1323840618133545,7.962367296218872,1.8299832344055176,6.1323840618133545
dag_critical,s05,10,1.7,,0,0.0,6.575309991836548,8.358978033065796,1.783668041229248,6.575309991836548
dag_critical,c05,1,1.6,c04,1,6.638651132583618,6.638891935348511,8.312196016311646,1.6733040809631348,0.00024080276489257812
dag_critical,s03,9,1.6,,0,0.0,7.962747097015381,9.637107133865356,1.6743600368499756,7.962747097015381
dag_critical,c06,1,1.7,c05,1,8.312196016311646,8.312486171722412,10.087862014770508,1.7753758430480957,0.00029015541076660156
dag_critical,s07,10,1.5,,0,0.0,8.359193086624146,9.922698974609375,1.5635058879852295,8.359193086624146
dag_critical,c07,1,1.5,c06,1,10.087862014770508,10.08804702758789,11.660384893417358,1.5723378658294678,0.0001850128173828125
dag_critical,c08,1,1.8,c07,1,11.660384893417358,11.660705089569092,13.528486013412476,1.8677809238433838,0.00032019615173339844
dag_critical,f01,5,1.2,c08 s09 s10,1,13.528486013412476,13.528824090957642,14.795472145080566,1.2666480541229248,0.0003380775451660156
dag_critical,f02,5,0.8,f01,1,14.795472145080566,14.795791149139404,15.648550033569336,0.8527588844299316,0.0003190040588378906
